config,holdout_gen,method,auc
A: z0(59D)+physics,DC,safe(g<=0.60)/bn-LR,0.8687363419757785
A: z0(59D)+physics,DC,safe(g<=0.60)/bn-GB,0.9067091236105321
A: z0(59D)+physics,DC,safe(g<=0.60)/GB+softLR(0.5),0.9203038048108471
A: z0(59D)+physics,DC,safe(g<=0.60)/GB+softLR(0.6),0.9203932302523852
A: z0(59D)+physics,DC,safe(g<=0.60)/GB+softLR(0.7),0.91911347967686
A: z0(59D)+physics,DC,safe(g<=0.65)/bn-LR,0.8800994153106829
A: z0(59D)+physics,DC,safe(g<=0.65)/bn-GB,0.9177781403133516
A: z0(59D)+physics,DC,safe(g<=0.65)/GB+softLR(0.5),0.9235734728692475
A: z0(59D)+physics,DC,safe(g<=0.65)/GB+softLR(0.6),0.9246272429371022
A: z0(59D)+physics,DC,safe(g<=0.65)/GB+softLR(0.7),0.9245277470629583
A: z0(59D)+physics,DC,safe(g<=0.70)/bn-LR,0.8839294022392614
A: z0(59D)+physics,DC,safe(g<=0.70)/bn-GB,0.9158244763878565
A: z0(59D)+physics,DC,safe(g<=0.70)/GB+softLR(0.5),0.9224149703022942
A: z0(59D)+physics,DC,safe(g<=0.70)/GB+softLR(0.6),0.9231920048821458
A: z0(59D)+physics,DC,safe(g<=0.70)/GB+softLR(0.7),0.9229720666340385
A: z0(59D)+physics,DC,safe_max(g<=0.70)/bn-LR,0.8687363419757785
A: z0(59D)+physics,DC,safe_max(g<=0.70)/bn-GB,0.9067091236105321
A: z0(59D)+physics,DC,safe_max(g<=0.70)/GB+softLR(0.5),0.9203038048108471
A: z0(59D)+physics,DC,safe_max(g<=0.70)/GB+softLR(0.6),0.9203932302523852
A: z0(59D)+physics,DC,safe_max(g<=0.70)/GB+softLR(0.7),0.91911347967686
A: z0(59D)+physics,DC,safe_max(g<=0.75)/bn-LR,0.8827753306626547
A: z0(59D)+physics,DC,safe_max(g<=0.75)/bn-GB,0.9181338279929828
A: z0(59D)+physics,DC,safe_max(g<=0.75)/GB+softLR(0.5),0.9243335891223214
A: z0(59D)+physics,DC,safe_max(g<=0.75)/GB+softLR(0.6),0.9254493930550268
A: z0(59D)+physics,DC,safe_max(g<=0.75)/GB+softLR(0.7),0.925424821199469
A: z0(59D)+physics,DC,safe_max(g<=0.80)/bn-LR,0.8819282058718678
A: z0(59D)+physics,DC,safe_max(g<=0.80)/bn-GB,0.9153092730557518
A: z0(59D)+physics,DC,safe_max(g<=0.80)/GB+softLR(0.5),0.9226631057616973
A: z0(59D)+physics,DC,safe_max(g<=0.80)/GB+softLR(0.6),0.9234453769665038
A: z0(59D)+physics,DC,safe_max(g<=0.80)/GB+softLR(0.7),0.9231940189686669
A: z0(59D)+physics,DC,soft(l=0.2)/bn-LR,0.8957206703685576
A: z0(59D)+physics,DC,soft(l=0.2)/bn-GB,0.9460305375798332
A: z0(59D)+physics,DC,soft(l=0.2)/GB+softLR(0.5),0.9388007726035895
A: z0(59D)+physics,DC,soft(l=0.2)/GB+softLR(0.6),0.9423270352847817
A: z0(59D)+physics,DC,soft(l=0.2)/GB+softLR(0.7),0.9448216828498519
A: z0(59D)+physics,DC,soft(l=0.3)/bn-LR,0.9005258779906666
A: z0(59D)+physics,DC,soft(l=0.3)/bn-GB,0.9489622419199886
A: z0(59D)+physics,DC,soft(l=0.3)/GB+softLR(0.5),0.9394368211269619
A: z0(59D)+physics,DC,soft(l=0.3)/GB+softLR(0.6),0.9433590532182081
A: z0(59D)+physics,DC,soft(l=0.3)/GB+softLR(0.7),0.9462831040295829
A: z0(59D)+physics,DC,soft(l=0.4)/bn-LR,0.8852659500546823
A: z0(59D)+physics,DC,soft(l=0.4)/bn-GB,0.9118696160949684
A: z0(59D)+physics,DC,soft(l=0.4)/GB+softLR(0.5),0.9177390670348418
A: z0(59D)+physics,DC,soft(l=0.4)/GB+softLR(0.6),0.9183537662410901
A: z0(59D)+physics,DC,soft(l=0.4)/GB+softLR(0.7),0.9180818645607377
A: z0(59D)+physics,Pika,safe(g<=0.60)/bn-LR,0.7033737223802018
A: z0(59D)+physics,Pika,safe(g<=0.60)/bn-GB,0.6800136761259872
A: z0(59D)+physics,Pika,safe(g<=0.60)/GB+softLR(0.5),0.6846885762652501
A: z0(59D)+physics,Pika,safe(g<=0.60)/GB+softLR(0.6),0.6864948255876981
A: z0(59D)+physics,Pika,safe(g<=0.60)/GB+softLR(0.7),0.6869579236749862
A: z0(59D)+physics,Pika,safe(g<=0.65)/bn-LR,0.7263429427576296
A: z0(59D)+physics,Pika,safe(g<=0.65)/bn-GB,0.725798121478467
A: z0(59D)+physics,Pika,safe(g<=0.65)/GB+softLR(0.5),0.7074259696289934
A: z0(59D)+physics,Pika,safe(g<=0.65)/GB+softLR(0.6),0.7140071883052445
A: z0(59D)+physics,Pika,safe(g<=0.65)/GB+softLR(0.7),0.7191157217075143
A: z0(59D)+physics,Pika,safe(g<=0.70)/bn-LR,0.6318737126512504
A: z0(59D)+physics,Pika,safe(g<=0.70)/bn-GB,0.6500824181169753
A: z0(59D)+physics,Pika,safe(g<=0.70)/GB+softLR(0.5),0.6676089851035855
A: z0(59D)+physics,Pika,safe(g<=0.70)/GB+softLR(0.6),0.6661924497777629
A: z0(59D)+physics,Pika,safe(g<=0.70)/GB+softLR(0.7),0.6639247701882691
A: z0(59D)+physics,Pika,safe_max(g<=0.70)/bn-LR,0.7033737223802018
A: z0(59D)+physics,Pika,safe_max(g<=0.70)/bn-GB,0.6800136761259872
A: z0(59D)+physics,Pika,safe_max(g<=0.70)/GB+softLR(0.5),0.6846885762652501
A: z0(59D)+physics,Pika,safe_max(g<=0.70)/GB+softLR(0.6),0.6864948255876981
A: z0(59D)+physics,Pika,safe_max(g<=0.70)/GB+softLR(0.7),0.6869579236749862
A: z0(59D)+physics,Pika,safe_max(g<=0.75)/bn-LR,0.7258526036063834
A: z0(59D)+physics,Pika,safe_max(g<=0.75)/bn-GB,0.720181458842366
A: z0(59D)+physics,Pika,safe_max(g<=0.75)/GB+softLR(0.5),0.7053956764539918
A: z0(59D)+physics,Pika,safe_max(g<=0.75)/GB+softLR(0.6),0.7116094187368485
A: z0(59D)+physics,Pika,safe_max(g<=0.75)/GB+softLR(0.7),0.7160719497652543
A: z0(59D)+physics,Pika,safe_max(g<=0.80)/bn-LR,0.7296163179532509
A: z0(59D)+physics,Pika,safe_max(g<=0.80)/bn-GB,0.716218162006499
A: z0(59D)+physics,Pika,safe_max(g<=0.80)/GB+softLR(0.5),0.7019065965070285
A: z0(59D)+physics,Pika,safe_max(g<=0.80)/GB+softLR(0.6),0.7075977551139537
A: z0(59D)+physics,Pika,safe_max(g<=0.80)/GB+softLR(0.7),0.7119307521035383
A: z0(59D)+physics,Pika,soft(l=0.2)/bn-LR,0.6644751508682394
A: z0(59D)+physics,Pika,soft(l=0.2)/bn-GB,0.6820645390839775
A: z0(59D)+physics,Pika,soft(l=0.2)/GB+softLR(0.5),0.6844812106151199
A: z0(59D)+physics,Pika,soft(l=0.2)/GB+softLR(0.6),0.6864914899472137
A: z0(59D)+physics,Pika,soft(l=0.2)/GB+softLR(0.7),0.6872964911841802
A: z0(59D)+physics,Pika,soft(l=0.3)/bn-LR,0.6600304099224186
A: z0(59D)+physics,Pika,soft(l=0.3)/bn-GB,0.6857626525013134
A: z0(59D)+physics,Pika,soft(l=0.3)/GB+softLR(0.5),0.6854574413969663
A: z0(59D)+physics,Pika,soft(l=0.3)/GB+softLR(0.6),0.6878563228455237
A: z0(59D)+physics,Pika,soft(l=0.3)/GB+softLR(0.7),0.6892973195349005
A: z0(59D)+physics,Pika,soft(l=0.4)/bn-LR,0.6615781471073048
A: z0(59D)+physics,Pika,soft(l=0.4)/bn-GB,0.6700912575642597
A: z0(59D)+physics,Pika,soft(l=0.4)/GB+softLR(0.5),0.6754605268644145
A: z0(59D)+physics,Pika,soft(l=0.4)/GB+softLR(0.6),0.6763277933904284
A: z0(59D)+physics,Pika,soft(l=0.4)/GB+softLR(0.7),0.6761993712317687
A: z0(59D)+physics,SVD,safe(g<=0.60)/bn-LR,0.8538934935229325
A: z0(59D)+physics,SVD,safe(g<=0.60)/bn-GB,0.8790057169882183
A: z0(59D)+physics,SVD,safe(g<=0.60)/GB+softLR(0.5),0.8722828408880905
A: z0(59D)+physics,SVD,safe(g<=0.60)/GB+softLR(0.6),0.8779489584430398
A: z0(59D)+physics,SVD,safe(g<=0.60)/GB+softLR(0.7),0.8815544167062438
A: z0(59D)+physics,SVD,safe(g<=0.65)/bn-LR,0.8448536176791452
A: z0(59D)+physics,SVD,safe(g<=0.65)/bn-GB,0.8659057263277541
A: z0(59D)+physics,SVD,safe(g<=0.65)/GB+softLR(0.5),0.8568098132688973
A: z0(59D)+physics,SVD,safe(g<=0.65)/GB+softLR(0.6),0.8611437553280065
A: z0(59D)+physics,SVD,safe(g<=0.65)/GB+softLR(0.7),0.8641244582572426
A: z0(59D)+physics,SVD,safe(g<=0.70)/bn-LR,0.8207540383556854
A: z0(59D)+physics,SVD,safe(g<=0.70)/bn-GB,0.852570458849409
A: z0(59D)+physics,SVD,safe(g<=0.70)/GB+softLR(0.5),0.8487233649354082
A: z0(59D)+physics,SVD,safe(g<=0.70)/GB+softLR(0.6),0.8516595560342344
A: z0(59D)+physics,SVD,safe(g<=0.70)/GB+softLR(0.7),0.8533927354308208
A: z0(59D)+physics,SVD,safe_max(g<=0.70)/bn-LR,0.8538934935229325
A: z0(59D)+physics,SVD,safe_max(g<=0.70)/bn-GB,0.8790057169882183
A: z0(59D)+physics,SVD,safe_max(g<=0.70)/GB+softLR(0.5),0.8722828408880905
A: z0(59D)+physics,SVD,safe_max(g<=0.70)/GB+softLR(0.6),0.8779489584430398
A: z0(59D)+physics,SVD,safe_max(g<=0.70)/GB+softLR(0.7),0.8815544167062438
A: z0(59D)+physics,SVD,safe_max(g<=0.75)/bn-LR,0.8454688347637396
A: z0(59D)+physics,SVD,safe_max(g<=0.75)/bn-GB,0.8676496362548859
A: z0(59D)+physics,SVD,safe_max(g<=0.75)/GB+softLR(0.5),0.8575263742530854
A: z0(59D)+physics,SVD,safe_max(g<=0.75)/GB+softLR(0.6),0.8618694571345111
A: z0(59D)+physics,SVD,safe_max(g<=0.75)/GB+softLR(0.7),0.8652654713385541
A: z0(59D)+physics,SVD,safe_max(g<=0.80)/bn-LR,0.8459560803359053
A: z0(59D)+physics,SVD,safe_max(g<=0.80)/bn-GB,0.8702217841692882
A: z0(59D)+physics,SVD,safe_max(g<=0.80)/GB+softLR(0.5),0.8589487656909169
A: z0(59D)+physics,SVD,safe_max(g<=0.80)/GB+softLR(0.6),0.863634033268619
A: z0(59D)+physics,SVD,safe_max(g<=0.80)/GB+softLR(0.7),0.8671413270486867
A: z0(59D)+physics,SVD,soft(l=0.2)/bn-LR,0.8178242060897749
A: z0(59D)+physics,SVD,soft(l=0.2)/bn-GB,0.8832502379594506
A: z0(59D)+physics,SVD,soft(l=0.2)/GB+softLR(0.5),0.8671242376852257
A: z0(59D)+physics,SVD,soft(l=0.2)/GB+softLR(0.6),0.8728909042856546
A: z0(59D)+physics,SVD,soft(l=0.2)/GB+softLR(0.7),0.8773444718889907
A: z0(59D)+physics,SVD,soft(l=0.3)/bn-LR,0.818021727337219
A: z0(59D)+physics,SVD,soft(l=0.3)/bn-GB,0.8817022595715339
A: z0(59D)+physics,SVD,soft(l=0.3)/GB+softLR(0.5),0.8650059514701821
A: z0(59D)+physics,SVD,soft(l=0.3)/GB+softLR(0.6),0.8708334244103674
A: z0(59D)+physics,SVD,soft(l=0.3)/GB+softLR(0.7),0.8752925559925047
A: z0(59D)+physics,SVD,soft(l=0.4)/bn-LR,0.8036455983959845
A: z0(59D)+physics,SVD,soft(l=0.4)/bn-GB,0.8389820303356071
A: z0(59D)+physics,SVD,soft(l=0.4)/GB+softLR(0.5),0.8399608931775684
A: z0(59D)+physics,SVD,soft(l=0.4)/GB+softLR(0.6),0.841568883051127
A: z0(59D)+physics,SVD,soft(l=0.4)/GB+softLR(0.7),0.8422393424966765
A: z0(59D)+physics,ZS,safe(g<=0.60)/bn-LR,0.7494572552943304
A: z0(59D)+physics,ZS,safe(g<=0.60)/bn-GB,0.7728575638774484
A: z0(59D)+physics,ZS,safe(g<=0.60)/GB+softLR(0.5),0.7434386461968245
A: z0(59D)+physics,ZS,safe(g<=0.60)/GB+softLR(0.6),0.7530096760372578
A: z0(59D)+physics,ZS,safe(g<=0.60)/GB+softLR(0.7),0.7608015235981881
A: z0(59D)+physics,ZS,safe(g<=0.65)/bn-LR,0.7728020882607156
A: z0(59D)+physics,ZS,safe(g<=0.65)/bn-GB,0.7907598425879375
A: z0(59D)+physics,ZS,safe(g<=0.65)/GB+softLR(0.5),0.7550053122856202
A: z0(59D)+physics,ZS,safe(g<=0.65)/GB+softLR(0.6),0.7664308127425511
A: z0(59D)+physics,ZS,safe(g<=0.65)/GB+softLR(0.7),0.7757943043382428
A: z0(59D)+physics,ZS,safe(g<=0.70)/bn-LR,0.7478558921791765
A: z0(59D)+physics,ZS,safe(g<=0.70)/bn-GB,0.7449790851971738
A: z0(59D)+physics,ZS,safe(g<=0.70)/GB+softLR(0.5),0.7269534723030554
A: z0(59D)+physics,ZS,safe(g<=0.70)/GB+softLR(0.6),0.7335704255524653
A: z0(59D)+physics,ZS,safe(g<=0.70)/GB+softLR(0.7),0.7386944903301542
A: z0(59D)+physics,ZS,safe_max(g<=0.70)/bn-LR,0.7494572552943304
A: z0(59D)+physics,ZS,safe_max(g<=0.70)/bn-GB,0.7728575638774484
A: z0(59D)+physics,ZS,safe_max(g<=0.70)/GB+softLR(0.5),0.7434386461968245
A: z0(59D)+physics,ZS,safe_max(g<=0.70)/GB+softLR(0.6),0.7530096760372578
A: z0(59D)+physics,ZS,safe_max(g<=0.70)/GB+softLR(0.7),0.7608015235981881
A: z0(59D)+physics,ZS,safe_max(g<=0.75)/bn-LR,0.7604245865952087
A: z0(59D)+physics,ZS,safe_max(g<=0.75)/bn-GB,0.7963475250197508
A: z0(59D)+physics,ZS,safe_max(g<=0.75)/GB+softLR(0.5),0.7577686914441244
A: z0(59D)+physics,ZS,safe_max(g<=0.75)/GB+softLR(0.6),0.7696201653866824
A: z0(59D)+physics,ZS,safe_max(g<=0.75)/GB+softLR(0.7),0.7795587211879708
A: z0(59D)+physics,ZS,safe_max(g<=0.80)/bn-LR,0.7650617537724658
A: z0(59D)+physics,ZS,safe_max(g<=0.80)/bn-GB,0.7900767990569145
A: z0(59D)+physics,ZS,safe_max(g<=0.80)/GB+softLR(0.5),0.7545758715739472
A: z0(59D)+physics,ZS,safe_max(g<=0.80)/GB+softLR(0.6),0.7658587204449937
A: z0(59D)+physics,ZS,safe_max(g<=0.80)/GB+softLR(0.7),0.7751206718493441
A: z0(59D)+physics,ZS,soft(l=0.2)/bn-LR,0.7443029761182423
A: z0(59D)+physics,ZS,soft(l=0.2)/bn-GB,0.6046896708859505
A: z0(59D)+physics,ZS,soft(l=0.2)/GB+softLR(0.5),0.6522268259279164
A: z0(59D)+physics,ZS,soft(l=0.2)/GB+softLR(0.6),0.6438004760006042
A: z0(59D)+physics,ZS,soft(l=0.2)/GB+softLR(0.7),0.6347668661972703
A: z0(59D)+physics,ZS,soft(l=0.3)/bn-LR,0.6806565935494736
A: z0(59D)+physics,ZS,soft(l=0.3)/bn-GB,0.6032522580309623
A: z0(59D)+physics,ZS,soft(l=0.3)/GB+softLR(0.5),0.650724526414071
A: z0(59D)+physics,ZS,soft(l=0.3)/GB+softLR(0.6),0.6423140266629683
A: z0(59D)+physics,ZS,soft(l=0.3)/GB+softLR(0.7),0.633087738155089
A: z0(59D)+physics,ZS,soft(l=0.4)/bn-LR,0.7853796984008657
A: z0(59D)+physics,ZS,soft(l=0.4)/bn-GB,0.7612517676661359
A: z0(59D)+physics,ZS,soft(l=0.4)/GB+softLR(0.5),0.7386236598552185
A: z0(59D)+physics,ZS,soft(l=0.4)/GB+softLR(0.6),0.7467780801969385
A: z0(59D)+physics,ZS,soft(l=0.4)/GB+softLR(0.7),0.7529735178227802
B: z0+eps(80D)+physics,DC,safe(g<=0.60)/bn-LR,0.8899768984276027
B: z0+eps(80D)+physics,DC,safe(g<=0.60)/bn-GB,0.914875841636405
B: z0+eps(80D)+physics,DC,safe(g<=0.60)/GB+softLR(0.5),0.9180883096376053
B: z0+eps(80D)+physics,DC,safe(g<=0.60)/GB+softLR(0.6),0.9200411679284918
B: z0+eps(80D)+physics,DC,safe(g<=0.60)/GB+softLR(0.7),0.9207400559513237
B: z0+eps(80D)+physics,DC,safe(g<=0.65)/bn-LR,0.8935523048199105
B: z0+eps(80D)+physics,DC,safe(g<=0.65)/bn-GB,0.912013421872577
B: z0+eps(80D)+physics,DC,safe(g<=0.65)/GB+softLR(0.5),0.9149322360589968
B: z0+eps(80D)+physics,DC,safe(g<=0.65)/GB+softLR(0.6),0.9164230629019361
B: z0+eps(80D)+physics,DC,safe(g<=0.65)/GB+softLR(0.7),0.9168198379465985
B: z0+eps(80D)+physics,DC,safe(g<=0.70)/bn-LR,0.8931813100827185
B: z0+eps(80D)+physics,DC,safe(g<=0.70)/bn-GB,0.9114059733778043
B: z0+eps(80D)+physics,DC,safe(g<=0.70)/GB+softLR(0.5),0.9139912548363252
B: z0+eps(80D)+physics,DC,safe(g<=0.70)/GB+softLR(0.6),0.9154583154583154
B: z0+eps(80D)+physics,DC,safe(g<=0.70)/GB+softLR(0.7),0.9159787554153751
B: z0+eps(80D)+physics,DC,safe_max(g<=0.70)/bn-LR,0.8620382958411128
B: z0+eps(80D)+physics,DC,safe_max(g<=0.70)/bn-GB,0.8995546854701784
B: z0+eps(80D)+physics,DC,safe_max(g<=0.70)/GB+softLR(0.5),0.9144432158516667
B: z0+eps(80D)+physics,DC,safe_max(g<=0.70)/GB+softLR(0.6),0.9149914502027179
B: z0+eps(80D)+physics,DC,safe_max(g<=0.70)/GB+softLR(0.7),0.9138007222514266
B: z0+eps(80D)+physics,DC,safe_max(g<=0.75)/bn-LR,0.8935523048199105
B: z0+eps(80D)+physics,DC,safe_max(g<=0.75)/bn-GB,0.912013421872577
B: z0+eps(80D)+physics,DC,safe_max(g<=0.75)/GB+softLR(0.5),0.9149322360589968
B: z0+eps(80D)+physics,DC,safe_max(g<=0.75)/GB+softLR(0.6),0.9164230629019361
B: z0+eps(80D)+physics,DC,safe_max(g<=0.75)/GB+softLR(0.7),0.9168198379465985
B: z0+eps(80D)+physics,DC,safe_max(g<=0.80)/bn-LR,0.8898334954672984
B: z0+eps(80D)+physics,DC,safe_max(g<=0.80)/bn-GB,0.9108243051905023
B: z0+eps(80D)+physics,DC,safe_max(g<=0.80)/GB+softLR(0.5),0.9152033321047406
B: z0+eps(80D)+physics,DC,safe_max(g<=0.80)/GB+softLR(0.6),0.9165801616505842
B: z0+eps(80D)+physics,DC,safe_max(g<=0.80)/GB+softLR(0.7),0.9167694857835703
B: z0+eps(80D)+physics,DC,soft(l=0.2)/bn-LR,0.8900743802152253
B: z0+eps(80D)+physics,DC,soft(l=0.2)/bn-GB,0.9059316862133764
B: z0+eps(80D)+physics,DC,soft(l=0.2)/GB+softLR(0.5),0.9096114222874785
B: z0+eps(80D)+physics,DC,soft(l=0.2)/GB+softLR(0.6),0.9106728458841135
B: z0+eps(80D)+physics,DC,soft(l=0.2)/GB+softLR(0.7),0.9108988263917842
B: z0+eps(80D)+physics,DC,soft(l=0.3)/bn-LR,0.8900743802152253
B: z0+eps(80D)+physics,DC,soft(l=0.3)/bn-GB,0.9058511227525312
B: z0+eps(80D)+physics,DC,soft(l=0.3)/GB+softLR(0.5),0.9095860447973123
B: z0+eps(80D)+physics,DC,soft(l=0.3)/GB+softLR(0.6),0.9106349810575163
B: z0+eps(80D)+physics,DC,soft(l=0.3)/GB+softLR(0.7),0.9108476685941477
B: z0+eps(80D)+physics,DC,soft(l=0.4)/bn-LR,0.8899350054279632
B: z0+eps(80D)+physics,DC,soft(l=0.4)/bn-GB,0.9045903045903045
B: z0+eps(80D)+physics,DC,soft(l=0.4)/GB+softLR(0.5),0.9093250191841742
B: z0+eps(80D)+physics,DC,soft(l=0.4)/GB+softLR(0.6),0.9102124257053834
B: z0+eps(80D)+physics,DC,soft(l=0.4)/GB+softLR(0.7),0.9102144397919045
B: z0+eps(80D)+physics,Pika,safe(g<=0.60)/bn-LR,0.7527817851791934
B: z0+eps(80D)+physics,Pika,safe(g<=0.60)/bn-GB,0.7315826780189632
B: z0+eps(80D)+physics,Pika,safe(g<=0.60)/GB+softLR(0.5),0.7343023368941295
B: z0+eps(80D)+physics,Pika,safe(g<=0.60)/GB+softLR(0.6),0.7370175482486497
B: z0+eps(80D)+physics,Pika,safe(g<=0.60)/GB+softLR(0.7),0.7382839797526622
B: z0+eps(80D)+physics,Pika,safe(g<=0.65)/bn-LR,0.7707469888895375
B: z0+eps(80D)+physics,Pika,safe(g<=0.65)/bn-GB,0.7513135474258585
B: z0+eps(80D)+physics,Pika,safe(g<=0.65)/GB+softLR(0.5),0.7418742407943272
B: z0+eps(80D)+physics,Pika,safe(g<=0.65)/GB+softLR(0.6),0.7465908364396485
B: z0+eps(80D)+physics,Pika,safe(g<=0.65)/GB+softLR(0.7),0.7498647675753507
B: z0+eps(80D)+physics,Pika,safe(g<=0.70)/bn-LR,0.7226603956625555
B: z0+eps(80D)+physics,Pika,safe(g<=0.70)/bn-GB,0.7358484062587733
B: z0+eps(80D)+physics,Pika,safe(g<=0.70)/GB+softLR(0.5),0.731986290517608
B: z0+eps(80D)+physics,Pika,safe(g<=0.70)/GB+softLR(0.6),0.7352702285747642
B: z0+eps(80D)+physics,Pika,safe(g<=0.70)/GB+softLR(0.7),0.7375128908606231
B: z0+eps(80D)+physics,Pika,safe_max(g<=0.70)/bn-LR,0.7041464790924834
B: z0+eps(80D)+physics,Pika,safe_max(g<=0.70)/bn-GB,0.6788606563984534
B: z0+eps(80D)+physics,Pika,safe_max(g<=0.70)/GB+softLR(0.5),0.7100383320685697
B: z0+eps(80D)+physics,Pika,safe_max(g<=0.70)/GB+softLR(0.6),0.707164121850947
B: z0+eps(80D)+physics,Pika,safe_max(g<=0.70)/GB+softLR(0.7),0.7026459968144633
B: z0+eps(80D)+physics,Pika,safe_max(g<=0.75)/bn-LR,0.7707469888895375
B: z0+eps(80D)+physics,Pika,safe_max(g<=0.75)/bn-GB,0.7513135474258585
B: z0+eps(80D)+physics,Pika,safe_max(g<=0.75)/GB+softLR(0.5),0.7418742407943272
B: z0+eps(80D)+physics,Pika,safe_max(g<=0.75)/GB+softLR(0.6),0.7465908364396485
B: z0+eps(80D)+physics,Pika,safe_max(g<=0.75)/GB+softLR(0.7),0.7498647675753507
B: z0+eps(80D)+physics,Pika,safe_max(g<=0.80)/bn-LR,0.7712606775241765
B: z0+eps(80D)+physics,Pika,safe_max(g<=0.80)/bn-GB,0.7482464260002056
B: z0+eps(80D)+physics,Pika,safe_max(g<=0.80)/GB+softLR(0.5),0.7402369972564358
B: z0+eps(80D)+physics,Pika,safe_max(g<=0.80)/GB+softLR(0.6),0.744678402561772
B: z0+eps(80D)+physics,Pika,safe_max(g<=0.80)/GB+softLR(0.7),0.7476988250206392
B: z0+eps(80D)+physics,Pika,soft(l=0.2)/bn-LR,0.7020116691822955
B: z0+eps(80D)+physics,Pika,soft(l=0.2)/bn-GB,0.6300174287215323
B: z0+eps(80D)+physics,Pika,soft(l=0.2)/GB+softLR(0.5),0.6790591270072911
B: z0+eps(80D)+physics,Pika,soft(l=0.2)/GB+softLR(0.6),0.671430517218854
B: z0+eps(80D)+physics,Pika,soft(l=0.2)/GB+softLR(0.7),0.6626283179198946
B: z0+eps(80D)+physics,Pika,soft(l=0.3)/bn-LR,0.7020116691822955
B: z0+eps(80D)+physics,Pika,soft(l=0.3)/bn-GB,0.6299145798065884
B: z0+eps(80D)+physics,Pika,soft(l=0.3)/GB+softLR(0.5),0.6790057567595364
B: z0+eps(80D)+physics,Pika,soft(l=0.3)/GB+softLR(0.6),0.6713649162893224
B: z0+eps(80D)+physics,Pika,soft(l=0.3)/GB+softLR(0.7),0.662557157589555
B: z0+eps(80D)+physics,Pika,soft(l=0.4)/bn-LR,0.7041025598261019
B: z0+eps(80D)+physics,Pika,soft(l=0.4)/bn-GB,0.6379634802960937
B: z0+eps(80D)+physics,Pika,soft(l=0.4)/GB+softLR(0.5),0.6828623130998941
B: z0+eps(80D)+physics,Pika,soft(l=0.4)/GB+softLR(0.6),0.6762038187524149
B: z0+eps(80D)+physics,Pika,soft(l=0.4)/GB+softLR(0.7),0.6683128052458505
B: z0+eps(80D)+physics,SVD,safe(g<=0.60)/bn-LR,0.8306968684735027
B: z0+eps(80D)+physics,SVD,safe(g<=0.60)/bn-GB,0.8615988093085365
B: z0+eps(80D)+physics,SVD,safe(g<=0.60)/GB+softLR(0.5),0.8507796525295238
B: z0+eps(80D)+physics,SVD,safe(g<=0.60)/GB+softLR(0.6),0.8553794732899211
B: z0+eps(80D)+physics,SVD,safe(g<=0.60)/GB+softLR(0.7),0.8588804082370731
B: z0+eps(80D)+physics,SVD,safe(g<=0.65)/bn-LR,0.8339641163110026
B: z0+eps(80D)+physics,SVD,safe(g<=0.65)/bn-GB,0.8714085013621812
B: z0+eps(80D)+physics,SVD,safe(g<=0.65)/GB+softLR(0.5),0.854107309279723
B: z0+eps(80D)+physics,SVD,safe(g<=0.65)/GB+softLR(0.6),0.8595468934120505
B: z0+eps(80D)+physics,SVD,safe(g<=0.65)/GB+softLR(0.7),0.8642230201674359
B: z0+eps(80D)+physics,SVD,safe(g<=0.70)/bn-LR,0.8271458577171392
B: z0+eps(80D)+physics,SVD,safe(g<=0.70)/bn-GB,0.8592639253473016
B: z0+eps(80D)+physics,SVD,safe(g<=0.70)/GB+softLR(0.5),0.8466007070227349
B: z0+eps(80D)+physics,SVD,safe(g<=0.70)/GB+softLR(0.6),0.8510574540425286
B: z0+eps(80D)+physics,SVD,safe(g<=0.70)/GB+softLR(0.7),0.854495198087581
B: z0+eps(80D)+physics,SVD,safe_max(g<=0.70)/bn-LR,0.8456886119263887
B: z0+eps(80D)+physics,SVD,safe_max(g<=0.70)/bn-GB,0.8741030568102107
B: z0+eps(80D)+physics,SVD,safe_max(g<=0.70)/GB+softLR(0.5),0.8702074767952278
B: z0+eps(80D)+physics,SVD,safe_max(g<=0.70)/GB+softLR(0.6),0.8764927857053436
B: z0+eps(80D)+physics,SVD,safe_max(g<=0.70)/GB+softLR(0.7),0.8801423583719004
B: z0+eps(80D)+physics,SVD,safe_max(g<=0.75)/bn-LR,0.8339641163110026
B: z0+eps(80D)+physics,SVD,safe_max(g<=0.75)/bn-GB,0.8714085013621812
B: z0+eps(80D)+physics,SVD,safe_max(g<=0.75)/GB+softLR(0.5),0.854107309279723
B: z0+eps(80D)+physics,SVD,safe_max(g<=0.75)/GB+softLR(0.6),0.8595468934120505
B: z0+eps(80D)+physics,SVD,safe_max(g<=0.75)/GB+softLR(0.7),0.8642230201674359
B: z0+eps(80D)+physics,SVD,safe_max(g<=0.80)/bn-LR,0.8338834386183844
B: z0+eps(80D)+physics,SVD,safe_max(g<=0.80)/bn-GB,0.8742771298612781
B: z0+eps(80D)+physics,SVD,safe_max(g<=0.80)/GB+softLR(0.5),0.8554736635024851
B: z0+eps(80D)+physics,SVD,safe_max(g<=0.80)/GB+softLR(0.6),0.8613575710847969
B: z0+eps(80D)+physics,SVD,safe_max(g<=0.80)/GB+softLR(0.7),0.8661779638619577
B: z0+eps(80D)+physics,SVD,soft(l=0.2)/bn-LR,0.8104543187404741
B: z0+eps(80D)+physics,SVD,soft(l=0.2)/bn-GB,0.8501227056039202
B: z0+eps(80D)+physics,SVD,soft(l=0.2)/GB+softLR(0.5),0.8404171394392701
B: z0+eps(80D)+physics,SVD,soft(l=0.2)/GB+softLR(0.6),0.8440865834586884
B: z0+eps(80D)+physics,SVD,soft(l=0.2)/GB+softLR(0.7),0.8467759723549739
B: z0+eps(80D)+physics,SVD,soft(l=0.3)/bn-LR,0.8104543187404741
B: z0+eps(80D)+physics,SVD,soft(l=0.3)/bn-GB,0.850024541120784
B: z0+eps(80D)+physics,SVD,soft(l=0.3)/GB+softLR(0.5),0.840372230181803
B: z0+eps(80D)+physics,SVD,soft(l=0.3)/GB+softLR(0.6),0.8440122645989862
B: z0+eps(80D)+physics,SVD,soft(l=0.3)/GB+softLR(0.7),0.8467103968905307
B: z0+eps(80D)+physics,SVD,soft(l=0.4)/bn-LR,0.809866921549886
B: z0+eps(80D)+physics,SVD,soft(l=0.4)/bn-GB,0.8475664547718076
B: z0+eps(80D)+physics,SVD,soft(l=0.4)/GB+softLR(0.5),0.8392959977108201
B: z0+eps(80D)+physics,SVD,soft(l=0.4)/GB+softLR(0.6),0.8427055244348091
B: z0+eps(80D)+physics,SVD,soft(l=0.4)/GB+softLR(0.7),0.8452359425082019
B: z0+eps(80D)+physics,ZS,safe(g<=0.60)/bn-LR,0.7752578749371566
B: z0+eps(80D)+physics,ZS,safe(g<=0.60)/bn-GB,0.7849145947927219
B: z0+eps(80D)+physics,ZS,safe(g<=0.60)/GB+softLR(0.5),0.8092292604159186
B: z0+eps(80D)+physics,ZS,safe(g<=0.60)/GB+softLR(0.6),0.8067511844291831
B: z0+eps(80D)+physics,ZS,safe(g<=0.60)/GB+softLR(0.7),0.8029065260623952
B: z0+eps(80D)+physics,ZS,safe(g<=0.65)/bn-LR,0.7943127586488716
B: z0+eps(80D)+physics,ZS,safe(g<=0.65)/bn-GB,0.8015572798125717
B: z0+eps(80D)+physics,ZS,safe(g<=0.65)/GB+softLR(0.5),0.8176878060136559
B: z0+eps(80D)+physics,ZS,safe(g<=0.65)/GB+softLR(0.6),0.8165886953571367
B: z0+eps(80D)+physics,ZS,safe(g<=0.65)/GB+softLR(0.7),0.8144063242203075
B: z0+eps(80D)+physics,ZS,safe(g<=0.70)/bn-LR,0.8237306856934823
B: z0+eps(80D)+physics,ZS,safe(g<=0.70)/bn-GB,0.7956010807838902
B: z0+eps(80D)+physics,ZS,safe(g<=0.70)/GB+softLR(0.5),0.8150259670464931
B: z0+eps(80D)+physics,ZS,safe(g<=0.70)/GB+softLR(0.6),0.8132745225753566
B: z0+eps(80D)+physics,ZS,safe(g<=0.70)/GB+softLR(0.7),0.8103754262830594
B: z0+eps(80D)+physics,ZS,safe_max(g<=0.70)/bn-LR,0.7477528660338153
B: z0+eps(80D)+physics,ZS,safe_max(g<=0.70)/bn-GB,0.7694730559387392
B: z0+eps(80D)+physics,ZS,safe_max(g<=0.70)/GB+softLR(0.5),0.8077769880207339
B: z0+eps(80D)+physics,ZS,safe_max(g<=0.70)/GB+softLR(0.6),0.8034949638541685
B: z0+eps(80D)+physics,ZS,safe_max(g<=0.70)/GB+softLR(0.7),0.7971365666041741
B: z0+eps(80D)+physics,ZS,safe_max(g<=0.75)/bn-LR,0.7943127586488716
B: z0+eps(80D)+physics,ZS,safe_max(g<=0.75)/bn-GB,0.8015572798125717
B: z0+eps(80D)+physics,ZS,safe_max(g<=0.75)/GB+softLR(0.5),0.8176878060136559
B: z0+eps(80D)+physics,ZS,safe_max(g<=0.75)/GB+softLR(0.6),0.8165886953571367
B: z0+eps(80D)+physics,ZS,safe_max(g<=0.75)/GB+softLR(0.7),0.8144063242203075
B: z0+eps(80D)+physics,ZS,safe_max(g<=0.80)/bn-LR,0.7932290028505551
B: z0+eps(80D)+physics,ZS,safe_max(g<=0.80)/bn-GB,0.8050700751149756
B: z0+eps(80D)+physics,ZS,safe_max(g<=0.80)/GB+softLR(0.5),0.8195333609060358
B: z0+eps(80D)+physics,ZS,safe_max(g<=0.80)/GB+softLR(0.6),0.8188958866316146
B: z0+eps(80D)+physics,ZS,safe_max(g<=0.80)/GB+softLR(0.7),0.8170206126588423
B: z0+eps(80D)+physics,ZS,soft(l=0.2)/bn-LR,0.8052142126548797
B: z0+eps(80D)+physics,ZS,soft(l=0.2)/bn-GB,0.7841671599208481
B: z0+eps(80D)+physics,ZS,soft(l=0.2)/GB+softLR(0.5),0.8086487477122499
B: z0+eps(80D)+physics,ZS,soft(l=0.2)/GB+softLR(0.6),0.8059636287987795
B: z0+eps(80D)+physics,ZS,soft(l=0.2)/GB+softLR(0.7),0.8019832532981989
B: z0+eps(80D)+physics,ZS,soft(l=0.3)/bn-LR,0.8052142126548797
B: z0+eps(80D)+physics,ZS,soft(l=0.3)/bn-GB,0.7841671599208481
B: z0+eps(80D)+physics,ZS,soft(l=0.3)/GB+softLR(0.5),0.8086487477122499
B: z0+eps(80D)+physics,ZS,soft(l=0.3)/GB+softLR(0.6),0.8059636287987795
B: z0+eps(80D)+physics,ZS,soft(l=0.3)/GB+softLR(0.7),0.8019832532981989
B: z0+eps(80D)+physics,ZS,soft(l=0.4)/bn-LR,0.7973228061746342
B: z0+eps(80D)+physics,ZS,soft(l=0.4)/bn-GB,0.8004497487499411
B: z0+eps(80D)+physics,ZS,soft(l=0.4)/GB+softLR(0.5),0.8166842917323995
B: z0+eps(80D)+physics,ZS,soft(l=0.4)/GB+softLR(0.6),0.8154613515742445
B: z0+eps(80D)+physics,ZS,soft(l=0.4)/GB+softLR(0.7),0.813240345632905
C: z0(59D)+physics+csv,DC,safe(g<=0.60)/bn-LR,0.9703212266592549
C: z0(59D)+physics+csv,DC,safe(g<=0.60)/bn-GB,0.9834007045274651
C: z0(59D)+physics+csv,DC,safe(g<=0.60)/GB+softLR(0.5),0.9876931257212946
C: z0(59D)+physics+csv,DC,safe(g<=0.60)/GB+softLR(0.6),0.9878047061145653
C: z0(59D)+physics+csv,DC,safe(g<=0.60)/GB+softLR(0.7),0.9874731874731875
C: z0(59D)+physics+csv,DC,safe(g<=0.65)/bn-LR,0.9719163831839888
C: z0(59D)+physics+csv,DC,safe(g<=0.65)/bn-GB,0.9830965774627747
C: z0(59D)+physics+csv,DC,safe(g<=0.65)/GB+softLR(0.5),0.9872862802440268
C: z0(59D)+physics+csv,DC,safe(g<=0.65)/GB+softLR(0.6),0.987351133830007
C: z0(59D)+physics+csv,DC,safe(g<=0.65)/GB+softLR(0.7),0.9870159898328913
C: z0(59D)+physics+csv,DC,safe(g<=0.70)/bn-LR,0.970807024328151
C: z0(59D)+physics+csv,DC,safe(g<=0.70)/bn-GB,0.9852307035405627
C: z0(59D)+physics+csv,DC,safe(g<=0.70)/GB+softLR(0.5),0.9881849656497543
C: z0(59D)+physics+csv,DC,safe(g<=0.70)/GB+softLR(0.6),0.9884592842339321
C: z0(59D)+physics+csv,DC,safe(g<=0.70)/GB+softLR(0.7),0.988286072793115
C: z0(59D)+physics+csv,DC,safe_max(g<=0.70)/bn-LR,0.9703212266592549
C: z0(59D)+physics+csv,DC,safe_max(g<=0.70)/bn-GB,0.9834007045274651
C: z0(59D)+physics+csv,DC,safe_max(g<=0.70)/GB+softLR(0.5),0.9876931257212946
C: z0(59D)+physics+csv,DC,safe_max(g<=0.70)/GB+softLR(0.6),0.9878047061145653
C: z0(59D)+physics+csv,DC,safe_max(g<=0.70)/GB+softLR(0.7),0.9874731874731875
C: z0(59D)+physics+csv,DC,safe_max(g<=0.75)/bn-LR,0.9720215185003919
C: z0(59D)+physics+csv,DC,safe_max(g<=0.75)/bn-GB,0.9837237640054541
C: z0(59D)+physics+csv,DC,safe_max(g<=0.75)/GB+softLR(0.5),0.9874381423677198
C: z0(59D)+physics+csv,DC,safe_max(g<=0.75)/GB+softLR(0.6),0.98755254248212
C: z0(59D)+physics+csv,DC,safe_max(g<=0.75)/GB+softLR(0.7),0.9872625140230774
C: z0(59D)+physics+csv,DC,safe_max(g<=0.80)/bn-LR,0.9715739884753969
C: z0(59D)+physics+csv,DC,safe_max(g<=0.80)/bn-GB,0.9846929424394213
C: z0(59D)+physics+csv,DC,safe_max(g<=0.80)/GB+softLR(0.5),0.9881382388424641
C: z0(59D)+physics+csv,DC,safe_max(g<=0.80)/GB+softLR(0.6),0.9883263545235376
C: z0(59D)+physics+csv,DC,safe_max(g<=0.80)/GB+softLR(0.7),0.9881346134867263
C: z0(59D)+physics+csv,DC,soft(l=0.2)/bn-LR,0.9723320906419498
C: z0(59D)+physics+csv,DC,soft(l=0.2)/bn-GB,0.9866449950956993
C: z0(59D)+physics+csv,DC,soft(l=0.2)/GB+softLR(0.5),0.9890703580844427
C: z0(59D)+physics+csv,DC,soft(l=0.2)/GB+softLR(0.6),0.9894840514558824
C: z0(59D)+physics+csv,DC,soft(l=0.2)/GB+softLR(0.7),0.9894643134079752
C: z0(59D)+physics+csv,DC,soft(l=0.3)/bn-LR,0.9746962254004509
C: z0(59D)+physics+csv,DC,soft(l=0.3)/bn-GB,0.985898574630969
C: z0(59D)+physics+csv,DC,soft(l=0.3)/GB+softLR(0.5),0.9884826476375772
C: z0(59D)+physics+csv,DC,soft(l=0.3)/GB+softLR(0.6),0.9888222226250394
C: z0(59D)+physics+csv,DC,soft(l=0.3)/GB+softLR(0.7),0.988744478885324
C: z0(59D)+physics+csv,DC,soft(l=0.4)/bn-LR,0.9705633198590945
C: z0(59D)+physics+csv,DC,soft(l=0.4)/bn-GB,0.9842079504051334
C: z0(59D)+physics+csv,DC,soft(l=0.4)/GB+softLR(0.5),0.9873986662719058
C: z0(59D)+physics+csv,DC,soft(l=0.4)/GB+softLR(0.6),0.9876431763755706
C: z0(59D)+physics+csv,DC,soft(l=0.4)/GB+softLR(0.7),0.9874679508482325
C: z0(59D)+physics+csv,Pika,safe(g<=0.60)/bn-LR,0.870989656734797
C: z0(59D)+physics+csv,Pika,safe(g<=0.60)/bn-GB,0.9382117075421612
C: z0(59D)+physics+csv,Pika,safe(g<=0.60)/GB+softLR(0.5),0.9099543851163722
C: z0(59D)+physics+csv,Pika,safe(g<=0.60)/GB+softLR(0.6),0.9198862546594727
C: z0(59D)+physics+csv,Pika,safe(g<=0.60)/GB+softLR(0.7),0.9273269567006068
C: z0(59D)+physics+csv,Pika,safe(g<=0.65)/bn-LR,0.8689704823614111
C: z0(59D)+physics+csv,Pika,safe(g<=0.65)/bn-GB,0.9425652743147344
C: z0(59D)+physics+csv,Pika,safe(g<=0.65)/GB+softLR(0.5),0.9124116402734114
C: z0(59D)+physics+csv,Pika,safe(g<=0.65)/GB+softLR(0.6),0.9225625502083385
C: z0(59D)+physics+csv,Pika,safe(g<=0.65)/GB+softLR(0.7),0.9301594714121713
C: z0(59D)+physics+csv,Pika,safe(g<=0.70)/bn-LR,0.8030837996280761
C: z0(59D)+physics+csv,Pika,safe(g<=0.70)/bn-GB,0.9276633004494775
C: z0(59D)+physics+csv,Pika,safe(g<=0.70)/GB+softLR(0.5),0.9008669885559735
C: z0(59D)+physics+csv,Pika,safe(g<=0.70)/GB+softLR(0.6),0.9103724520571174
C: z0(59D)+physics+csv,Pika,safe(g<=0.70)/GB+softLR(0.7),0.9172410917551308
C: z0(59D)+physics+csv,Pika,safe_max(g<=0.70)/bn-LR,0.870989656734797
C: z0(59D)+physics+csv,Pika,safe_max(g<=0.70)/bn-GB,0.9382117075421612
C: z0(59D)+physics+csv,Pika,safe_max(g<=0.70)/GB+softLR(0.5),0.9099543851163722
C: z0(59D)+physics+csv,Pika,safe_max(g<=0.70)/GB+softLR(0.6),0.9198862546594727
C: z0(59D)+physics+csv,Pika,safe_max(g<=0.70)/GB+softLR(0.7),0.9273269567006068
C: z0(59D)+physics+csv,Pika,safe_max(g<=0.75)/bn-LR,0.8740150826543915
C: z0(59D)+physics+csv,Pika,safe_max(g<=0.75)/bn-GB,0.9422389374873176
C: z0(59D)+physics+csv,Pika,safe_max(g<=0.75)/GB+softLR(0.5),0.912793015168825
C: z0(59D)+physics+csv,Pika,safe_max(g<=0.75)/GB+softLR(0.6),0.9228905548559977
C: z0(59D)+physics+csv,Pika,safe_max(g<=0.75)/GB+softLR(0.7),0.9305213884047576
C: z0(59D)+physics+csv,Pika,safe_max(g<=0.80)/bn-LR,0.8750257817212459
C: z0(59D)+physics+csv,Pika,safe_max(g<=0.80)/bn-GB,0.9429138487453821
C: z0(59D)+physics+csv,Pika,safe_max(g<=0.80)/GB+softLR(0.5),0.9130448560254175
C: z0(59D)+physics+csv,Pika,safe_max(g<=0.80)/GB+softLR(0.6),0.923465952839603
C: z0(59D)+physics+csv,Pika,safe_max(g<=0.80)/GB+softLR(0.7),0.9313502950651978
C: z0(59D)+physics+csv,Pika,soft(l=0.2)/bn-LR,0.8158092680770868
C: z0(59D)+physics+csv,Pika,soft(l=0.2)/bn-GB,0.9350984430898037
C: z0(59D)+physics+csv,Pika,soft(l=0.2)/GB+softLR(0.5),0.9060527976294714
C: z0(59D)+physics+csv,Pika,soft(l=0.2)/GB+softLR(0.6),0.9161720189797944
C: z0(59D)+physics+csv,Pika,soft(l=0.2)/GB+softLR(0.7),0.9238756806791364
C: z0(59D)+physics+csv,Pika,soft(l=0.3)/bn-LR,0.8181981426041901
C: z0(59D)+physics+csv,Pika,soft(l=0.3)/bn-GB,0.9352730082751681
C: z0(59D)+physics+csv,Pika,soft(l=0.3)/GB+softLR(0.5),0.9060088783630902
C: z0(59D)+physics+csv,Pika,soft(l=0.3)/GB+softLR(0.6),0.9161964803433486
C: z0(59D)+physics+csv,Pika,soft(l=0.3)/GB+softLR(0.7),0.9238067441091199
C: z0(59D)+physics+csv,Pika,soft(l=0.4)/bn-LR,0.8153611803719796
C: z0(59D)+physics+csv,Pika,soft(l=0.4)/bn-GB,0.931319718360755
C: z0(59D)+physics+csv,Pika,soft(l=0.4)/GB+softLR(0.5),0.9026098607092128
C: z0(59D)+physics+csv,Pika,soft(l=0.4)/GB+softLR(0.6),0.912384955149534
C: z0(59D)+physics+csv,Pika,soft(l=0.4)/GB+softLR(0.7),0.9197044622530584
C: z0(59D)+physics+csv,SVD,safe(g<=0.60)/bn-LR,0.943566550154301
C: z0(59D)+physics+csv,SVD,safe(g<=0.60)/bn-GB,0.9584366809276742
C: z0(59D)+physics+csv,SVD,safe(g<=0.60)/GB+softLR(0.5),0.9566876044487984
C: z0(59D)+physics+csv,SVD,safe(g<=0.60)/GB+softLR(0.6),0.9581946478498203
C: z0(59D)+physics+csv,SVD,safe(g<=0.60)/GB+softLR(0.7),0.9590626285428139
C: z0(59D)+physics+csv,SVD,safe(g<=0.65)/bn-LR,0.9376250156486905
C: z0(59D)+physics+csv,SVD,safe(g<=0.65)/bn-GB,0.9550215902248842
C: z0(59D)+physics+csv,SVD,safe(g<=0.65)/GB+softLR(0.5),0.9525416453877595
C: z0(59D)+physics+csv,SVD,safe(g<=0.65)/GB+softLR(0.6),0.9539155507246089
C: z0(59D)+physics+csv,SVD,safe(g<=0.65)/GB+softLR(0.7),0.9547720060329428
C: z0(59D)+physics+csv,SVD,safe(g<=0.70)/bn-LR,0.9322649169278096
C: z0(59D)+physics+csv,SVD,safe(g<=0.70)/bn-GB,0.9607206942255836
C: z0(59D)+physics+csv,SVD,safe(g<=0.70)/GB+softLR(0.5),0.9558788403873324
C: z0(59D)+physics+csv,SVD,safe(g<=0.70)/GB+softLR(0.6),0.957727273630516
C: z0(59D)+physics+csv,SVD,safe(g<=0.70)/GB+softLR(0.7),0.9591015763944226
C: z0(59D)+physics+csv,SVD,safe_max(g<=0.70)/bn-LR,0.943566550154301
C: z0(59D)+physics+csv,SVD,safe_max(g<=0.70)/bn-GB,0.9584366809276742
C: z0(59D)+physics+csv,SVD,safe_max(g<=0.70)/GB+softLR(0.5),0.9566876044487984
C: z0(59D)+physics+csv,SVD,safe_max(g<=0.70)/GB+softLR(0.6),0.9581946478498203
C: z0(59D)+physics+csv,SVD,safe_max(g<=0.70)/GB+softLR(0.7),0.9590626285428139
C: z0(59D)+physics+csv,SVD,safe_max(g<=0.75)/bn-LR,0.9383205129988454
C: z0(59D)+physics+csv,SVD,safe_max(g<=0.75)/bn-GB,0.9586512915385792
C: z0(59D)+physics+csv,SVD,safe_max(g<=0.75)/GB+softLR(0.5),0.954662316165147
C: z0(59D)+physics+csv,SVD,safe_max(g<=0.75)/GB+softLR(0.6),0.9563434326172361
C: z0(59D)+physics+csv,SVD,safe_max(g<=0.75)/GB+softLR(0.7),0.9575432649030178
C: z0(59D)+physics+csv,SVD,safe_max(g<=0.80)/bn-LR,0.9381690932900404
C: z0(59D)+physics+csv,SVD,safe_max(g<=0.80)/bn-GB,0.9589684383302498
C: z0(59D)+physics+csv,SVD,safe_max(g<=0.80)/GB+softLR(0.5),0.9549472713651818
C: z0(59D)+physics+csv,SVD,safe_max(g<=0.80)/GB+softLR(0.6),0.9566633613983073
C: z0(59D)+physics+csv,SVD,safe_max(g<=0.80)/GB+softLR(0.7),0.9578449120394565
C: z0(59D)+physics+csv,SVD,soft(l=0.2)/bn-LR,0.9316644046443326
C: z0(59D)+physics+csv,SVD,soft(l=0.2)/bn-GB,0.962321530412112
C: z0(59D)+physics+csv,SVD,soft(l=0.2)/GB+softLR(0.5),0.9565031982942429
C: z0(59D)+physics+csv,SVD,soft(l=0.2)/GB+softLR(0.6),0.9584545651452497
C: z0(59D)+physics+csv,SVD,soft(l=0.2)/GB+softLR(0.7),0.9600295685730581
C: z0(59D)+physics+csv,SVD,soft(l=0.3)/bn-LR,0.9328455578584245
C: z0(59D)+physics+csv,SVD,soft(l=0.3)/bn-GB,0.9624840780785197
C: z0(59D)+physics+csv,SVD,soft(l=0.3)/GB+softLR(0.5),0.9565568509469693
C: z0(59D)+physics+csv,SVD,soft(l=0.3)/GB+softLR(0.6),0.9586032028646542
C: z0(59D)+physics+csv,SVD,soft(l=0.3)/GB+softLR(0.7),0.9601007080163024
C: z0(59D)+physics+csv,SVD,soft(l=0.4)/bn-LR,0.9291777035472352
C: z0(59D)+physics+csv,SVD,soft(l=0.4)/bn-GB,0.9576295065744371
C: z0(59D)+physics+csv,SVD,soft(l=0.4)/GB+softLR(0.5),0.9540212663218324
C: z0(59D)+physics+csv,SVD,soft(l=0.4)/GB+softLR(0.6),0.9555875263543818
C: z0(59D)+physics+csv,SVD,soft(l=0.4)/GB+softLR(0.7),0.9567154243428045
C: z0(59D)+physics+csv,ZS,safe(g<=0.60)/bn-LR,0.9102746290687279
C: z0(59D)+physics+csv,ZS,safe(g<=0.60)/bn-GB,0.9384998303535829
C: z0(59D)+physics+csv,ZS,safe(g<=0.60)/GB+softLR(0.5),0.9248845289897245
C: z0(59D)+physics+csv,ZS,safe(g<=0.60)/GB+softLR(0.6),0.9287965506054024
C: z0(59D)+physics+csv,ZS,safe(g<=0.60)/GB+softLR(0.7),0.9319492497170496
C: z0(59D)+physics+csv,ZS,safe(g<=0.65)/bn-LR,0.9176375312359919
C: z0(59D)+physics+csv,ZS,safe(g<=0.65)/bn-GB,0.94881680911187
C: z0(59D)+physics+csv,ZS,safe(g<=0.65)/GB+softLR(0.5),0.9318234389433875
C: z0(59D)+physics+csv,ZS,safe(g<=0.65)/GB+softLR(0.6),0.9366701256374124
C: z0(59D)+physics+csv,ZS,safe(g<=0.65)/GB+softLR(0.7),0.9405727362109658
C: z0(59D)+physics+csv,ZS,safe(g<=0.70)/bn-LR,0.9041178262473966
C: z0(59D)+physics+csv,ZS,safe(g<=0.70)/bn-GB,0.9504885073839533
C: z0(59D)+physics+csv,ZS,safe(g<=0.70)/GB+softLR(0.5),0.932922549599907
C: z0(59D)+physics+csv,ZS,safe(g<=0.70)/GB+softLR(0.6),0.9380129327531509
C: z0(59D)+physics+csv,ZS,safe(g<=0.70)/GB+softLR(0.7),0.9420700825447459
C: z0(59D)+physics+csv,ZS,safe_max(g<=0.70)/bn-LR,0.9102746290687279
C: z0(59D)+physics+csv,ZS,safe_max(g<=0.70)/bn-GB,0.9384998303535829
C: z0(59D)+physics+csv,ZS,safe_max(g<=0.70)/GB+softLR(0.5),0.9248845289897245
C: z0(59D)+physics+csv,ZS,safe_max(g<=0.70)/GB+softLR(0.6),0.9287965506054024
C: z0(59D)+physics+csv,ZS,safe_max(g<=0.70)/GB+softLR(0.7),0.9319492497170496
C: z0(59D)+physics+csv,ZS,safe_max(g<=0.75)/bn-LR,0.9132410886099147
C: z0(59D)+physics+csv,ZS,safe_max(g<=0.75)/bn-GB,0.9493334257926945
C: z0(59D)+physics+csv,ZS,safe_max(g<=0.75)/GB+softLR(0.5),0.9324376332715011
C: z0(59D)+physics+csv,ZS,safe_max(g<=0.75)/GB+softLR(0.6),0.9373061139578137
C: z0(59D)+physics+csv,ZS,safe_max(g<=0.75)/GB+softLR(0.7),0.9412374529757468
C: z0(59D)+physics+csv,ZS,safe_max(g<=0.80)/bn-LR,0.9137160985781896
C: z0(59D)+physics+csv,ZS,safe_max(g<=0.80)/bn-GB,0.9486048130050696
C: z0(59D)+physics+csv,ZS,safe_max(g<=0.80)/GB+softLR(0.5),0.932205824444439
C: z0(59D)+physics+csv,ZS,safe_max(g<=0.80)/GB+softLR(0.6),0.9369331394988867
C: z0(59D)+physics+csv,ZS,safe_max(g<=0.80)/GB+softLR(0.7),0.9408070216280608
C: z0(59D)+physics+csv,ZS,soft(l=0.2)/bn-LR,0.9046190880700181
C: z0(59D)+physics+csv,ZS,soft(l=0.2)/bn-GB,0.9125748858911142
C: z0(59D)+physics+csv,ZS,soft(l=0.2)/GB+softLR(0.5),0.9114406076561304
C: z0(59D)+physics+csv,ZS,soft(l=0.2)/GB+softLR(0.6),0.9128780205111185
C: z0(59D)+physics+csv,ZS,soft(l=0.2)/GB+softLR(0.7),0.9136264460190053
C: z0(59D)+physics+csv,ZS,soft(l=0.3)/bn-LR,0.884098558376942
C: z0(59D)+physics+csv,ZS,soft(l=0.3)/bn-GB,0.9155413454323011
C: z0(59D)+physics+csv,ZS,soft(l=0.3)/GB+softLR(0.5),0.9129216084956944
C: z0(59D)+physics+csv,ZS,soft(l=0.3)/GB+softLR(0.6),0.9144957291204887
C: z0(59D)+physics+csv,ZS,soft(l=0.3)/GB+softLR(0.7),0.9154957761756992
C: z0(59D)+physics+csv,ZS,soft(l=0.4)/bn-LR,0.925203018467932
C: z0(59D)+physics+csv,ZS,soft(l=0.4)/bn-GB,0.9506638499582695
C: z0(59D)+physics+csv,ZS,soft(l=0.4)/GB+softLR(0.5),0.9332737300665459
C: z0(59D)+physics+csv,ZS,soft(l=0.4)/GB+softLR(0.6),0.9380233344312883
C: z0(59D)+physics+csv,ZS,soft(l=0.4)/GB+softLR(0.7),0.9418679927980763
D: z0+eps(80D)+physics+csv,DC,safe(g<=0.60)/bn-LR,0.9741854530586924
D: z0+eps(80D)+physics+csv,DC,safe(g<=0.60)/bn-GB,0.9842127842127841
D: z0+eps(80D)+physics+csv,DC,safe(g<=0.60)/GB+softLR(0.5),0.9881108472657769
D: z0+eps(80D)+physics+csv,DC,safe(g<=0.60)/GB+softLR(0.6),0.9883134643698025
D: z0+eps(80D)+physics+csv,DC,safe(g<=0.60)/GB+softLR(0.7),0.9881519346308079
D: z0+eps(80D)+physics+csv,DC,safe(g<=0.65)/bn-LR,0.9745898816321351
D: z0+eps(80D)+physics+csv,DC,safe(g<=0.65)/bn-GB,0.9848919341877088
D: z0+eps(80D)+physics+csv,DC,safe(g<=0.65)/GB+softLR(0.5),0.9879138696040104
D: z0+eps(80D)+physics+csv,DC,safe(g<=0.65)/GB+softLR(0.6),0.9881648247845431
D: z0+eps(80D)+physics+csv,DC,safe(g<=0.65)/GB+softLR(0.7),0.9880480077663177
D: z0+eps(80D)+physics+csv,DC,safe(g<=0.70)/bn-LR,0.9762937988290101
D: z0+eps(80D)+physics+csv,DC,safe(g<=0.70)/bn-GB,0.985789813958828
D: z0+eps(80D)+physics+csv,DC,safe(g<=0.70)/GB+softLR(0.5),0.9886014787423238
D: z0+eps(80D)+physics+csv,DC,safe(g<=0.70)/GB+softLR(0.6),0.9889362199221354
D: z0+eps(80D)+physics+csv,DC,safe(g<=0.70)/GB+softLR(0.7),0.9889007719993635
D: z0+eps(80D)+physics+csv,DC,safe_max(g<=0.70)/bn-LR,0.969161515640389
D: z0+eps(80D)+physics+csv,DC,safe_max(g<=0.70)/bn-GB,0.9824573064009684
D: z0+eps(80D)+physics+csv,DC,safe_max(g<=0.70)/GB+softLR(0.5),0.9877769117205737
D: z0+eps(80D)+physics+csv,DC,safe_max(g<=0.70)/GB+softLR(0.6),0.9878864780273231
D: z0+eps(80D)+physics+csv,DC,safe_max(g<=0.70)/GB+softLR(0.7),0.9875493199436861
D: z0+eps(80D)+physics+csv,DC,safe_max(g<=0.75)/bn-LR,0.9745898816321351
D: z0+eps(80D)+physics+csv,DC,safe_max(g<=0.75)/bn-GB,0.9848919341877088
D: z0+eps(80D)+physics+csv,DC,safe_max(g<=0.75)/GB+softLR(0.5),0.9879138696040104
D: z0+eps(80D)+physics+csv,DC,safe_max(g<=0.75)/GB+softLR(0.6),0.9881648247845431
D: z0+eps(80D)+physics+csv,DC,safe_max(g<=0.75)/GB+softLR(0.7),0.9880480077663177
D: z0+eps(80D)+physics+csv,DC,safe_max(g<=0.80)/bn-LR,0.974045272636822
D: z0+eps(80D)+physics+csv,DC,safe_max(g<=0.80)/bn-GB,0.9846832748241199
D: z0+eps(80D)+physics+csv,DC,safe_max(g<=0.80)/GB+softLR(0.5),0.9880282697184106
D: z0+eps(80D)+physics+csv,DC,safe_max(g<=0.80)/GB+softLR(0.6),0.9882727798220756
D: z0+eps(80D)+physics+csv,DC,safe_max(g<=0.80)/GB+softLR(0.7),0.9881007768331712
D: z0+eps(80D)+physics+csv,DC,soft(l=0.2)/bn-LR,0.9750208961476567
D: z0+eps(80D)+physics+csv,DC,soft(l=0.2)/bn-GB,0.9863223384350145
D: z0+eps(80D)+physics+csv,DC,soft(l=0.2)/GB+softLR(0.5),0.9885869773193717
D: z0+eps(80D)+physics+csv,DC,soft(l=0.2)/GB+softLR(0.6),0.9889901974409016
D: z0+eps(80D)+physics+csv,DC,soft(l=0.2)/GB+softLR(0.7),0.989019200286806
D: z0+eps(80D)+physics+csv,DC,soft(l=0.3)/bn-LR,0.9750208961476567
D: z0+eps(80D)+physics+csv,DC,soft(l=0.3)/bn-GB,0.9862840707911131
D: z0+eps(80D)+physics+csv,DC,soft(l=0.3)/GB+softLR(0.5),0.9885789209732871
D: z0+eps(80D)+physics+csv,DC,soft(l=0.3)/GB+softLR(0.6),0.9889829467294257
D: z0+eps(80D)+physics+csv,DC,soft(l=0.3)/GB+softLR(0.7),0.9890063101330707
D: z0+eps(80D)+physics+csv,DC,soft(l=0.4)/bn-LR,0.9750583581569497
D: z0+eps(80D)+physics+csv,DC,soft(l=0.4)/bn-GB,0.9868850742090179
D: z0+eps(80D)+physics+csv,DC,soft(l=0.4)/GB+softLR(0.5),0.9886671379629126
D: z0+eps(80D)+physics+csv,DC,soft(l=0.4)/GB+softLR(0.6),0.9890683439979213
D: z0+eps(80D)+physics+csv,DC,soft(l=0.4)/GB+softLR(0.7),0.9891541440837215
D: z0+eps(80D)+physics+csv,Pika,safe(g<=0.60)/bn-LR,0.8873359629299153
D: z0+eps(80D)+physics+csv,Pika,safe(g<=0.60)/bn-GB,0.9410403306731602
D: z0+eps(80D)+physics+csv,Pika,safe(g<=0.60)/GB+softLR(0.5),0.9199857679339323
D: z0+eps(80D)+physics+csv,Pika,safe(g<=0.60)/GB+softLR(0.6),0.9283704562322272
D: z0+eps(80D)+physics+csv,Pika,safe(g<=0.60)/GB+softLR(0.7),0.934263421088475
D: z0+eps(80D)+physics+csv,Pika,safe(g<=0.65)/bn-LR,0.8911258064605797
D: z0+eps(80D)+physics+csv,Pika,safe(g<=0.65)/bn-GB,0.9441213506008322
D: z0+eps(80D)+physics+csv,Pika,safe(g<=0.65)/GB+softLR(0.5),0.9214451106459746
D: z0+eps(80D)+physics+csv,Pika,safe(g<=0.65)/GB+softLR(0.6),0.9297074921264986
D: z0+eps(80D)+physics+csv,Pika,safe(g<=0.65)/GB+softLR(0.7),0.9356832920547823
D: z0+eps(80D)+physics+csv,Pika,safe(g<=0.70)/bn-LR,0.8446431003666426
D: z0+eps(80D)+physics+csv,Pika,safe(g<=0.70)/bn-GB,0.9340966390642417
D: z0+eps(80D)+physics+csv,Pika,safe(g<=0.70)/GB+softLR(0.5),0.9130404085047713
D: z0+eps(80D)+physics+csv,Pika,safe(g<=0.70)/GB+softLR(0.6),0.9212227346136633
D: z0+eps(80D)+physics+csv,Pika,safe(g<=0.70)/GB+softLR(0.7),0.9271401608334653
D: z0+eps(80D)+physics+csv,Pika,safe_max(g<=0.70)/bn-LR,0.8695269783822699
D: z0+eps(80D)+physics+csv,Pika,safe_max(g<=0.70)/bn-GB,0.9393797376518758
D: z0+eps(80D)+physics+csv,Pika,safe_max(g<=0.70)/GB+softLR(0.5),0.9193375417997448
D: z0+eps(80D)+physics+csv,Pika,safe_max(g<=0.70)/GB+softLR(0.6),0.9275843569580071
D: z0+eps(80D)+physics+csv,Pika,safe_max(g<=0.70)/GB+softLR(0.7),0.9333122076102638
D: z0+eps(80D)+physics+csv,Pika,safe_max(g<=0.75)/bn-LR,0.8911258064605797
D: z0+eps(80D)+physics+csv,Pika,safe_max(g<=0.75)/bn-GB,0.9441213506008322
D: z0+eps(80D)+physics+csv,Pika,safe_max(g<=0.75)/GB+softLR(0.5),0.9214451106459746
D: z0+eps(80D)+physics+csv,Pika,safe_max(g<=0.75)/GB+softLR(0.6),0.9297074921264986
D: z0+eps(80D)+physics+csv,Pika,safe_max(g<=0.75)/GB+softLR(0.7),0.9356832920547823
D: z0+eps(80D)+physics+csv,Pika,safe_max(g<=0.80)/bn-LR,0.8917378964895164
D: z0+eps(80D)+physics+csv,Pika,safe_max(g<=0.80)/bn-GB,0.9500893673679851
D: z0+eps(80D)+physics+csv,Pika,safe_max(g<=0.80)/GB+softLR(0.5),0.9263512818588413
D: z0+eps(80D)+physics+csv,Pika,safe_max(g<=0.80)/GB+softLR(0.6),0.9353508398864769
D: z0+eps(80D)+physics+csv,Pika,safe_max(g<=0.80)/GB+softLR(0.7),0.9417135741109824
D: z0+eps(80D)+physics+csv,Pika,soft(l=0.2)/bn-LR,0.8432621452059896
D: z0+eps(80D)+physics+csv,Pika,soft(l=0.2)/bn-GB,0.9136941940397665
D: z0+eps(80D)+physics+csv,Pika,soft(l=0.2)/GB+softLR(0.5),0.8994643517321703
D: z0+eps(80D)+physics+csv,Pika,soft(l=0.2)/GB+softLR(0.6),0.9056964400376927
D: z0+eps(80D)+physics+csv,Pika,soft(l=0.2)/GB+softLR(0.7),0.9100266573268733
D: z0+eps(80D)+physics+csv,Pika,soft(l=0.3)/bn-LR,0.8432621452059896
D: z0+eps(80D)+physics+csv,Pika,soft(l=0.3)/bn-GB,0.9139543739975706
D: z0+eps(80D)+physics+csv,Pika,soft(l=0.3)/GB+softLR(0.5),0.8995188338600866
D: z0+eps(80D)+physics+csv,Pika,soft(l=0.3)/GB+softLR(0.6),0.9057464746449626
D: z0+eps(80D)+physics+csv,Pika,soft(l=0.3)/GB+softLR(0.7),0.9101183874402016
D: z0+eps(80D)+physics+csv,Pika,soft(l=0.4)/bn-LR,0.843887577796865
D: z0+eps(80D)+physics+csv,Pika,soft(l=0.4)/bn-GB,0.9142028792136785
D: z0+eps(80D)+physics+csv,Pika,soft(l=0.4)/GB+softLR(0.5),0.8998268246648378
D: z0+eps(80D)+physics+csv,Pika,soft(l=0.4)/GB+softLR(0.6),0.9062095727322508
D: z0+eps(80D)+physics+csv,Pika,soft(l=0.4)/GB+softLR(0.7),0.9106637646594451
D: z0+eps(80D)+physics+csv,SVD,safe(g<=0.60)/bn-LR,0.9319469752820242
D: z0+eps(80D)+physics+csv,SVD,safe(g<=0.60)/bn-GB,0.9547847236987741
D: z0+eps(80D)+physics+csv,SVD,safe(g<=0.60)/GB+softLR(0.5),0.9539588702738472
D: z0+eps(80D)+physics+csv,SVD,safe(g<=0.60)/GB+softLR(0.6),0.9554396834890916
D: z0+eps(80D)+physics+csv,SVD,safe(g<=0.60)/GB+softLR(0.7),0.9561109377887554
D: z0+eps(80D)+physics+csv,SVD,safe(g<=0.65)/bn-LR,0.932070177669766
D: z0+eps(80D)+physics+csv,SVD,safe(g<=0.65)/bn-GB,0.9596277698181972
D: z0+eps(80D)+physics+csv,SVD,safe(g<=0.65)/GB+softLR(0.5),0.954966347863929
D: z0+eps(80D)+physics+csv,SVD,safe(g<=0.65)/GB+softLR(0.6),0.9569399706301405
D: z0+eps(80D)+physics+csv,SVD,safe(g<=0.65)/GB+softLR(0.7),0.9583480546939116
D: z0+eps(80D)+physics+csv,SVD,safe(g<=0.70)/bn-LR,0.9339758404091909
D: z0+eps(80D)+physics+csv,SVD,safe(g<=0.70)/bn-GB,0.9607270530584993
D: z0+eps(80D)+physics+csv,SVD,safe(g<=0.70)/GB+softLR(0.5),0.9559090448436819
D: z0+eps(80D)+physics+csv,SVD,safe(g<=0.70)/GB+softLR(0.6),0.9579800372389153
D: z0+eps(80D)+physics+csv,SVD,safe(g<=0.70)/GB+softLR(0.7),0.9593332763687885
D: z0+eps(80D)+physics+csv,SVD,safe_max(g<=0.70)/bn-LR,0.9419359069384802
D: z0+eps(80D)+physics+csv,SVD,safe_max(g<=0.70)/bn-GB,0.9591822540870405
D: z0+eps(80D)+physics+csv,SVD,safe_max(g<=0.70)/GB+softLR(0.5),0.9582351854096578
D: z0+eps(80D)+physics+csv,SVD,safe_max(g<=0.70)/GB+softLR(0.6),0.9599147121535181
D: z0+eps(80D)+physics+csv,SVD,safe_max(g<=0.70)/GB+softLR(0.7),0.9606610801669989
D: z0+eps(80D)+physics+csv,SVD,safe_max(g<=0.75)/bn-LR,0.932070177669766
D: z0+eps(80D)+physics+csv,SVD,safe_max(g<=0.75)/bn-GB,0.9596277698181972
D: z0+eps(80D)+physics+csv,SVD,safe_max(g<=0.75)/GB+softLR(0.5),0.954966347863929
D: z0+eps(80D)+physics+csv,SVD,safe_max(g<=0.75)/GB+softLR(0.6),0.9569399706301405
D: z0+eps(80D)+physics+csv,SVD,safe_max(g<=0.75)/GB+softLR(0.7),0.9583480546939116
D: z0+eps(80D)+physics+csv,SVD,safe_max(g<=0.80)/bn-LR,0.9319143862633312
D: z0+eps(80D)+physics+csv,SVD,safe_max(g<=0.80)/bn-GB,0.9611952221319179
D: z0+eps(80D)+physics+csv,SVD,safe_max(g<=0.80)/GB+softLR(0.5),0.9559499798305768
D: z0+eps(80D)+physics+csv,SVD,safe_max(g<=0.80)/GB+softLR(0.6),0.9580881373984822
D: z0+eps(80D)+physics+csv,SVD,safe_max(g<=0.80)/GB+softLR(0.7),0.9595772965819286
D: z0+eps(80D)+physics+csv,SVD,soft(l=0.2)/bn-LR,0.9308147055959717
D: z0+eps(80D)+physics+csv,SVD,soft(l=0.2)/bn-GB,0.9622376733030361
D: z0+eps(80D)+physics+csv,SVD,soft(l=0.2)/GB+softLR(0.5),0.9562047305742621
D: z0+eps(80D)+physics+csv,SVD,soft(l=0.2)/GB+softLR(0.6),0.9585129869226626
D: z0+eps(80D)+physics+csv,SVD,soft(l=0.2)/GB+softLR(0.7),0.9601412455761401
D: z0+eps(80D)+physics+csv,SVD,soft(l=0.3)/bn-LR,0.9308147055959717
D: z0+eps(80D)+physics+csv,SVD,soft(l=0.3)/bn-GB,0.9622448269900663
D: z0+eps(80D)+physics+csv,SVD,soft(l=0.3)/GB+softLR(0.5),0.9562106919801208
D: z0+eps(80D)+physics+csv,SVD,soft(l=0.3)/GB+softLR(0.6),0.9585237174532079
D: z0+eps(80D)+physics+csv,SVD,soft(l=0.3)/GB+softLR(0.7),0.9601507838255136
D: z0+eps(80D)+physics+csv,SVD,soft(l=0.4)/bn-LR,0.931148544324046
D: z0+eps(80D)+physics+csv,SVD,soft(l=0.4)/bn-GB,0.9628882613957243
D: z0+eps(80D)+physics+csv,SVD,soft(l=0.4)/GB+softLR(0.5),0.9566287852443283
D: z0+eps(80D)+physics+csv,SVD,soft(l=0.4)/GB+softLR(0.6),0.9588623253059692
D: z0+eps(80D)+physics+csv,SVD,soft(l=0.4)/GB+softLR(0.7),0.9606114017848449
D: z0+eps(80D)+physics+csv,ZS,safe(g<=0.60)/bn-LR,0.9207862678035866
D: z0+eps(80D)+physics+csv,ZS,safe(g<=0.60)/bn-GB,0.9492759689039354
D: z0+eps(80D)+physics+csv,ZS,safe(g<=0.60)/GB+softLR(0.5),0.9553460910741218
D: z0+eps(80D)+physics+csv,ZS,safe(g<=0.60)/GB+softLR(0.6),0.9553396519400368
D: z0+eps(80D)+physics+csv,ZS,safe(g<=0.60)/GB+softLR(0.7),0.9547730081405513
D: z0+eps(80D)+physics+csv,ZS,safe(g<=0.65)/bn-LR,0.9263927723196486
D: z0+eps(80D)+physics+csv,ZS,safe(g<=0.65)/bn-GB,0.9553411378940565
D: z0+eps(80D)+physics+csv,ZS,safe(g<=0.65)/GB+softLR(0.5),0.9580079300412848
D: z0+eps(80D)+physics+csv,ZS,safe(g<=0.65)/GB+softLR(0.6),0.9584586694272389
D: z0+eps(80D)+physics+csv,ZS,safe(g<=0.65)/GB+softLR(0.7),0.9584378660709643
D: z0+eps(80D)+physics+csv,ZS,safe(g<=0.70)/bn-LR,0.9446016528761878
D: z0+eps(80D)+physics+csv,ZS,safe(g<=0.70)/bn-GB,0.9639626431159465
D: z0+eps(80D)+physics+csv,ZS,safe(g<=0.70)/GB+softLR(0.5),0.962511361356775
D: z0+eps(80D)+physics+csv,ZS,safe(g<=0.70)/GB+softLR(0.6),0.963795225629735
D: z0+eps(80D)+physics+csv,ZS,safe(g<=0.70)/GB+softLR(0.7),0.9646308271067733
D: z0+eps(80D)+physics+csv,ZS,safe_max(g<=0.70)/bn-LR,0.9093914770630613
D: z0+eps(80D)+physics+csv,ZS,safe_max(g<=0.70)/bn-GB,0.9393339458766015
D: z0+eps(80D)+physics+csv,ZS,safe_max(g<=0.70)/GB+softLR(0.5),0.9513805751137373
D: z0+eps(80D)+physics+csv,ZS,safe_max(g<=0.70)/GB+softLR(0.6),0.950226484158492
D: z0+eps(80D)+physics+csv,ZS,safe_max(g<=0.70)/GB+softLR(0.7),0.9485320012581077
D: z0+eps(80D)+physics+csv,ZS,safe_max(g<=0.75)/bn-LR,0.9263927723196486
D: z0+eps(80D)+physics+csv,ZS,safe_max(g<=0.75)/bn-GB,0.9553411378940565
D: z0+eps(80D)+physics+csv,ZS,safe_max(g<=0.75)/GB+softLR(0.5),0.9580079300412848
D: z0+eps(80D)+physics+csv,ZS,safe_max(g<=0.75)/GB+softLR(0.6),0.9584586694272389
D: z0+eps(80D)+physics+csv,ZS,safe_max(g<=0.75)/GB+softLR(0.7),0.9584378660709643
D: z0+eps(80D)+physics+csv,ZS,safe_max(g<=0.80)/bn-LR,0.9248860149437441
D: z0+eps(80D)+physics+csv,ZS,safe_max(g<=0.80)/bn-GB,0.9580847043322989
D: z0+eps(80D)+physics+csv,ZS,safe_max(g<=0.80)/GB+softLR(0.5),0.9599213435005609
D: z0+eps(80D)+physics+csv,ZS,safe_max(g<=0.80)/GB+softLR(0.6),0.9607242539891674
D: z0+eps(80D)+physics+csv,ZS,safe_max(g<=0.80)/GB+softLR(0.7),0.960965473858354
D: z0+eps(80D)+physics+csv,ZS,soft(l=0.2)/bn-LR,0.9407693774595636
D: z0+eps(80D)+physics+csv,ZS,soft(l=0.2)/bn-GB,0.9646531164170676
D: z0+eps(80D)+physics+csv,ZS,soft(l=0.2)/GB+softLR(0.5),0.963130508864954
D: z0+eps(80D)+physics+csv,ZS,soft(l=0.2)/GB+softLR(0.6),0.964404466777783
D: z0+eps(80D)+physics+csv,ZS,soft(l=0.2)/GB+softLR(0.7),0.9652569090670438
D: z0+eps(80D)+physics+csv,ZS,soft(l=0.3)/bn-LR,0.9407693774595636
D: z0+eps(80D)+physics+csv,ZS,soft(l=0.3)/bn-GB,0.9663743464898051
D: z0+eps(80D)+physics+csv,ZS,soft(l=0.3)/GB+softLR(0.5),0.964203862985133
D: z0+eps(80D)+physics+csv,ZS,soft(l=0.3)/GB+softLR(0.6),0.9656080895336828
D: z0+eps(80D)+physics+csv,ZS,soft(l=0.3)/GB+softLR(0.7),0.966591295776671
D: z0+eps(80D)+physics+csv,ZS,soft(l=0.4)/bn-LR,0.9389208506591444
D: z0+eps(80D)+physics+csv,ZS,soft(l=0.4)/bn-GB,0.9661430329807494
D: z0+eps(80D)+physics+csv,ZS,soft(l=0.4)/GB+softLR(0.5),0.9639190551313708
D: z0+eps(80D)+physics+csv,ZS,soft(l=0.4)/GB+softLR(0.6),0.96533913185613
D: z0+eps(80D)+physics+csv,ZS,soft(l=0.4)/GB+softLR(0.7),0.9662708250264376
